Left context,Center,Right context,Created,Sphere,Type,Full context,Left_context_POS,Right_context_POS
Разры́вы, сло́вно ,желе́зный ве́тер.,1973,"кино, нехудожественная","кинокомедия, экранизация","Разры́вы сло́вно желе́зный ве́тер. [Алексей Коренев, Георгий Садовников. Большая перемена, к/ф (1973)] [омонимия не снята]",NOUN,ADJF
, Сло́вно ,ди́кого быка́ / За рога́ беру́ уда́чу! ,1973,"кино, нехудожественная","кинодетектив, экранизация","Сло́вно ди́кого быка́ / За рога́ беру́ уда́чу!  [Татьяна Лиознова, Юлиан Семенов. Семнадцать мгновений весны, к/ф (1973)] [омонимия не снята]",,ADJF
То́лько бу́дут но́жики, сло́вно ,ре́зать но́-жки́.,2006,"кино, нехудожественная","кинокомедия, кинофарс","То́лько бу́дут но́жики сло́вно ре́зать но́-жки́. [Владимир Пресняков, Кирилл Серебренников, Олег Пресняков. Изображая жертву, к/ф (2006)] [омонимия не снята]",NOUN,INFN
Но э́того бы́ло доста́точно!, Сло́вно ,уда́р мо́лнии! ,1956,"кино, нехудожественная","кинодрама, киномелодрама","Но э́того бы́ло доста́точно! Сло́вно уда́р мо́лнии!  [Василий Ордынский, Лев Агранович. Человек родился, к/ф (1956)] [омонимия не снята]",ADVB,NOUN
Ты́, сло́вно ,с цепи́ сорва́лся! ,1984,"кино, нехудожественная","кино детское, кинокомедия, киномюзикл","Ты́ сло́вно с цепи́ сорва́лся!  [Владимир Алеников. Каникулы Петрова и Васечкина, обыкновенные и невероятные, к/ф (1984)] [омонимия не снята]",UNKN,PREP
Мя́ч, сло́вно ,прилипа́л к её раке́тке.,1981,"кино, нехудожественная","кинодетектив, экранизация","Мя́ч сло́вно прилипа́л к её раке́тке. [Владимир Валуцкий, Игорь Масленников, Конан Дойль Артур, Юлий Дунский. Приключения Шерлока Холмса и доктора Ватсона. Собака Баскервилей, к/ф (1981)] [омонимия не снята]",NOUN,VERB
окну́ и уви́дел / как ме́дленно /, сло́вно ,не́хотя / вода́ начина́ет отступа́ть.,1997,"кино, нехудожественная",кинокомедия,"О́н подошёл к окну́ и уви́дел / как ме́дленно / сло́вно не́хотя / вода́ начина́ет отступа́ть. [Валерий Чиков. Не валяй дурака..., к/ф (1997)] [омонимия не снята]",ADJS,GRND
Ты́ ведёшь себя́ в па́рке /, сло́вно ,ста́рший прика́зчик в колониа́льной ла́вке « Хре́нов ,1972,"кино, нехудожественная","кинодрама, киноповесть","Ты́ ведёшь себя́ в па́рке / сло́вно ста́рший прика́зчик в колониа́льной ла́вке « Хре́нов и сыновья́». [Евгений Габрилович, Илья Авербах. Монолог, к/ф (1972)] [омонимия не снята]",NOUN,ADJF
Во́т и ле́то прошло́ /, Сло́вно ,и не быва́ло.,1978,"кино, нехудожественная","кинокомедия, киномюзикл, экранизация","Во́т и ле́то прошло́ / Сло́вно и не быва́ло. [Александр Цагарели, Борис Рацер, Владимир Константинов, Георгий Товстоногов, Юрий Аксенов. Ханума (телеспектакль) (1978)] [омонимия не снята]",UNKN,CONJ
Когда́ и́х приподни́мешь вдру́г / И /, сло́вно ,мо́лнией небе́сной / Оки́нешь бе́гло це́лый кру́г.  ,1978,"кино, нехудожественная","кинокомедия, киномюзикл, экранизация","Люблю́ глаза́ твои́ / мо́й дру́г / С игро́й и́х пла́менно- чуде́сной / Когда́ и́х приподни́мешь вдру́г / И / сло́вно мо́лнией небе́сной / Оки́нешь бе́гло це́лый кру́г.   [Александр Цагарели, Борис Рацер, Владимир Константинов, Георгий Товстоногов, Юрий Аксенов. Ханума (телеспектакль) (1978)] [омонимия не снята]",CONJ,NOUN
Вои́стину / на́м Ва́с, сло́вно ,Бо́г посла́л.  ,1993,"кино, нехудожественная",кинокомедия,"Вои́стину / на́м Ва́с сло́вно Бо́г посла́л.   [Иван Щеголев, Лев Корсунский. Американский дедушка, к/ф (1993)] [омонимия не снята]",NOUN,NOUN
женихо́в И в деви́цах засиде́лась /, Сло́вно ,тётушка Ине́с.  ,1967-1971,"кино, нехудожественная","киносказка, мультфильм, экранизация","Отверга́ла женихо́в И в деви́цах засиде́лась / Сло́вно тётушка Ине́с.   [Джозеф Редьярд Киплинг, Леонид Белокуров, Нина Дарузес, Роман Давыдов. Маугли, м/ф (1967-1971)] [омонимия не снята]",VERB,NOUN
ну ка́к ты её целу́ешь!, Сло́вно ,ты́ бои́шься ско́мкать её оде́жду! ,1964,"кино, нехудожественная","кинодрама, стихотворная пьеса, экранизация","ну ка́к ты её целу́ешь! Сло́вно ты́ бои́шься ско́мкать её оде́жду!  [Борис Пастернак, Григорий Козинцев, Уильям Шекспир. Гамлет, к/ф (1964)] [омонимия не снята]",VERB,UNKN
Иди́ сюда́…, Сло́вно ,,1964,"кино, нехудожественная","кинодрама, стихотворная пьеса, экранизация","Иди́ сюда́… Сло́вно… [Борис Пастернак, Григорий Козинцев, Уильям Шекспир. Гамлет, к/ф (1964)] [омонимия не снята]",UNKN,
Слу́шай!, Сло́вно ,твои́ ко́сти та́ют от прикоснове́ния! ,1964,"кино, нехудожественная","кинодрама, стихотворная пьеса, экранизация","Слу́шай! Сло́вно твои́ ко́сти та́ют от прикоснове́ния!  [Борис Пастернак, Григорий Козинцев, Уильям Шекспир. Гамлет, к/ф (1964)] [омонимия не снята]",VERB,UNKN
, Сло́вно ,,1964,"кино, нехудожественная","кинодрама, стихотворная пьеса, экранизация","Сло́вно… [Борис Пастернак, Григорий Козинцев, Уильям Шекспир. Гамлет, к/ф (1964)] [омонимия не снята]",,
Слу́шай!, Сло́вно ,твои́ ко́сти та́ют от прикоснове́ния! ,1964,"кино, нехудожественная","кинодрама, стихотворная пьеса, экранизация","Слу́шай! Сло́вно твои́ ко́сти та́ют от прикоснове́ния!  [Борис Пастернак, Григорий Козинцев, Уильям Шекспир. Гамлет, к/ф (1964)] [омонимия не снята]",VERB,UNKN
Еди́м чёрт зна́ет что́ / пьём, сло́вно ,зве́ри из ручья́! ,1989,"кино, нехудожественная","кинокомедия, киномюзикл, экранизация","Еди́м чёрт зна́ет что́ / пьём сло́вно зве́ри из ручья́!  [Адольф д’Эннери, Жан-Поль Дюмануар, Михаил Донской, Ян Фрид. Дон Сезар де Базан, к/ф (1989)] [омонимия не снята]",VERB,VERB
Она́ провиса́ла /, сло́вно , сло́вно рези́нка / проде́рнутая в неё / ло́пнула.,1978,"кино, нехудожественная",кинодрама,"Она́ провиса́ла / сло́вно… сло́вно рези́нка / проде́рнутая в неё / ло́пнула. [Александр Хмелик, Михаил Козаков. Безымянная звезда, к/ф (1978)] [омонимия не снята]",VERB,ADJS
и о́ба / возвыша́ются над ни́м, сло́вно ,два́ сугро́ба.  ,1980,"кино, нехудожественная","киномелодрама, киноповесть","У верблю́да два́ горба́, два́ горба́ и о́ба / возвыша́ются над ни́м сло́вно два́ сугро́ба.   [Сергей Соловьев. Спасатель, к/ф (1980)] [омонимия не снята]",NOUN,UNKN
"У марты́шки две́ щеки́,", сло́вно ,два́ карма́на.  ,1980,"кино, нехудожественная","киномелодрама, киноповесть","У марты́шки две́ щеки́, сло́вно два́ карма́на.   [Сергей Соловьев. Спасатель, к/ф (1980)] [омонимия не снята]",UNKN,UNKN
хва́тит на пти́чьем языке́ разгова́ривать!, Сло́вно ,как не ру́сские! ,1993,"кино, нехудожественная",киномелодрама,"хва́тит на пти́чьем языке́ разгова́ривать! Сло́вно как не ру́сские!  [Дмитрий Астрахан, Олег Данилов. Ты у меня одна, к/ф (1993)] [омонимия не снята]",INFN,CONJ
Почему́ мне́ хо́чется вы́ть /, сло́вно ,я́ промахну́лся на охо́те?   ,1973,"кино, нехудожественная",киномелодрама,"Почему́ мне́ хо́чется вы́ть / сло́вно я́ промахну́лся на охо́те?    [Мария Халфина, Олег Бондарев, Эдгар Смирнов. Мачеха, к/ф (1973)] [омонимия не снята]",INFN,UNKN
я́ не хочу́ / но меня́, сло́вно ,тя́нет что́-то.  ,1973,"кино, нехудожественная",киномелодрама,"Я́ не хочу́… я́ не хочу́ / но меня́ сло́вно тя́нет что́-то.   [Мария Халфина, Олег Бондарев, Эдгар Смирнов. Мачеха, к/ф (1973)] [омонимия не снята]",UNKN,VERB
Льди́ны перека́тывались одна́ че́рез другу́ю/, сло́вно ,гребешки́ во́лн.,1969,"кино, нехудожественная","кино детское, киносказка","Льди́ны перека́тывались одна́ че́рез другу́ю/ сло́вно гребешки́ во́лн. [Александр Роу. Варвара-краса, длинная коса, к/ф (1969)] [омонимия не снята]",VERB,UNKN
Я́ могу́ жени́ться / фотогра́фия, сло́вно ,бы сгоре́ла.,1972,"кино, нехудожественная","кино детское, кино музыкальное, кинокомедия, киномелодрама","Я́ могу́ жени́ться / фотогра́фия сло́вно бы сгоре́ла. [Наум Бирман, Эмиль Брагинский. Учитель пения, к/ф (1972)] [омонимия не снята]",NOUN,PRCL
Ти́хие/ зага́дочные/, сло́вно ,забы́вшиеся в моли́тве.,1960,"кино, нехудожественная",кинодрама военная,"Ти́хие/ зага́дочные/ сло́вно забы́вшиеся в моли́тве. [Владимир Венгеров, Николай Чуковский. Балтийское небо, к/ф (1960)] [омонимия не снята]",ADJF,ADJF
толпе́ встре́тишься / с челове́ческим / и, сло́вно ,причасти́лся.,1981,"кино, нехудожественная",кино приключенческое,"Ну не получа́ется что́-нибу̀дь или уста́л / наму́чился / и вдру́г с чьи́м-то взгля́дом в толпе́ встре́тишься / с челове́ческим / и сло́вно причасти́лся. [Валерий Фрид, Юлий Гусман, Юлий Дунский. Не бойся, я с тобой!, к/ф (1981)] [омонимия не снята]",CONJ,VERB
без размётки та́к и ре́жет /, сло́вно ,пти́ца поёт.,1981,"кино, нехудожественная",кино приключенческое,"Да ведь э́т то́лько Митя́й та́к и мо́жет. Пря́м без размётки та́к и ре́жет / сло́вно пти́ца поёт. [Валерий Фрид, Юлий Гусман, Юлий Дунский. Не бойся, я с тобой!, к/ф (1981)] [омонимия не снята]",VERB,NOUN
, Сло́вно ,ма́ленькие длинноно́гие насеко́мые / Му́ми- тро́лль / Сни́ф ,1987,"кино, нехудожественная","вестерн, кинокомедия","Сло́вно ма́ленькие длинноно́гие насеко́мые / Му́ми- тро́лль / Сни́ф и Сну̀сму́мрик уходи́ли в глу́бь вы́сохшего мо́ря.   [Алла Сурикова, Эдуард Акопов. Человек с бульвара Капуцинов, к/ф (1987)] [омонимия не снята]",,ADJF
А́нна Бога́лий / вот та́к /, сло́вно ,кры́лья у неё за спино́й вы́росли / ,1957,"кино, нехудожественная","кинодрама, киномелодрама, экранизация","А́нна Бога́лий / вот та́к / сло́вно кры́лья у неё за спино́й вы́росли / побежа́ла туда́ вни́з сейча́с. [Григорий Козинцев, Евгений Шварц, Сааведра Мигель Сервантес. Дон Кихот, к/ф (1957)] [омонимия не снята]",NOUN,NOUN
, Сло́вно ,услы́шали мои́ слова́ о то́м / как ,1940,"кино, нехудожественная",кинодетектив,"Сло́вно услы́шали мои́ слова́ о то́м / как о́н игра́л на Олимпиа́де в девяно́сто четвёртом году́. [Александр Мачерет, Юрий Олеша. Ошибка инженера Кочина, к/ф (1940)] [омонимия не снята]",,NOUN
На́ши /, сло́вно ,не ви́дят Ма́ркова / продолжа́ют раска́тывать по ,1940,"кино, нехудожественная",кинодетектив,"На́ши / сло́вно не ви́дят Ма́ркова / продолжа́ют раска́тывать по зо́не. [Александр Мачерет, Юрий Олеша. Ошибка инженера Кочина, к/ф (1940)] [омонимия не снята]",GRND,PRCL
он подро́с / то в него́, сло́вно ,бе́с всели́лся! ,1991,"кино, нехудожественная",кинокомедия,"а когда́ он подро́с / то в него́ сло́вно бе́с всели́лся!  [Алла Сурикова, Владимир Кунин, Ким Рыжов. Чокнутые, к/ф (1991)] [омонимия не снята]",UNKN,NOUN
Мы́ зде́сь с Ва́тсоном… э́…, сло́вно ,как в порохово́м по́гребе живём.  ,1991,"кино, нехудожественная",кинокомедия,"Мы́ зде́сь с Ва́тсоном… э́… сло́вно как в порохово́м по́гребе живём.   [Алла Сурикова, Владимир Кунин, Ким Рыжов. Чокнутые, к/ф (1991)] [омонимия не снята]",UNKN,CONJ
мы́ пребыва́ли дру́г во́зле дру́га/, сло́вно ,родны́е.  ,2004,"кино, нехудожественная",киномелодрама,"Снотво́рной сы́ростью обдава́л на́с обо́их неподви́жный тума́н/ и погружённые в одина́ковую/ бессозна́тельную ду́му/ мы́ пребыва́ли дру́г во́зле дру́га/ сло́вно родны́е.   [Алиса Танская, Дмитрий Троицкий, Ольга Столповская. Я люблю тебя, к/ф (2004)] [омонимия не снята]",NOUN,NOUN
утиха́л и прислоня́лся ко мне́/, сло́вно ,к родно́му.  ,2004,"кино, нехудожественная",киномелодрама,"Все́ мы́ де́ти одно́й ма́тери ― и мне́ бы́ло прия́тно/ что бе́дный зверёк та́к дове́рчиво утиха́л и прислоня́лся ко мне́/ сло́вно к родно́му.   [Алиса Танская, Дмитрий Троицкий, Ольга Столповская. Я люблю тебя, к/ф (2004)] [омонимия не снята]",UNKN,PREP
дави́ла безмо́лвную зе́млю… и то́лько, сло́вно ,пу́хла да темне́ла.  ,2004,"кино, нехудожественная",киномелодрама,"Она́ по-пре́жнему дави́ла безмо́лвную зе́млю… и то́лько сло́вно пу́хла да темне́ла.   [Алиса Танская, Дмитрий Троицкий, Ольга Столповская. Я люблю тебя, к/ф (2004)] [омонимия не снята]",NOUN,VERB
как бе́шеный/ мча́тся ры́жие/ ни́зкие/, сло́вно ,в кло́чья разо́рванные облака́/ всё закрути́лось/ ,2004,"кино, нехудожественная",киномелодрама,"Визжи́т ве́тер/ ме́чется как бе́шеный/ мча́тся ры́жие/ ни́зкие/ сло́вно в кло́чья разо́рванные облака́/ всё закрути́лось/ смеша́лось/ захлеста́л/ закача́лся отве́сными столба́ми рья́ный ли́вень/ мо́лнии слепя́т огни́стой зе́ленью/ стреля́ет как из пу́шки отры́вистый гро́м/ запа́хло се́рой…   [Алиса Танская, Дмитрий Троицкий, Ольга Столповская. Я люблю тебя, к/ф (2004)] [омонимия не снята]",NOUN,PREP
быть / ка́мни в люде́й кида́ть., Сло́вно ,тя́жесть кака́я-то.,1971,"кино, нехудожественная","кино историческое, кинопритча","быть / ка́мни в люде́й кида́ть. Сло́вно тя́жесть кака́я-то. [Андрей Тарковский, Андрон Михалков-Кончаловский. Андрей Рублев, к/ф (1971)] [омонимия не снята]",INFN,NOUN
И́шь как голово́й бода́ется., Сло́вно ,ко́нь.,1976,"кино, нехудожественная",киномелодрама,"И́шь как голово́й бода́ется. Сло́вно ко́нь. [Владимир Меньшов, Семен Лунгин. Розыгрыш, к/ф (1976)] [омонимия не снята]",VERB,NOUN
О́н рапорту́ет /, сло́вно ,арти́ст опере́тты / го́лосом из живота́ и ,1976,"кино, нехудожественная",киномелодрама,"О́н рапорту́ет / сло́вно арти́ст опере́тты / го́лосом из живота́ и с я́вным жела́нием понра́виться.   [Владимир Меньшов, Семен Лунгин. Розыгрыш, к/ф (1976)] [омонимия не снята]",VERB,NOUN
Вы́, сло́вно ,о́боротень.,1976,"кино, нехудожественная",киномелодрама,"Вы́ сло́вно о́боротень. [Владимир Меньшов, Семен Лунгин. Розыгрыш, к/ф (1976)] [омонимия не снята]",UNKN,NOUN
Э́то Шти́рлиц вы́вел для себя́ /, сло́вно ,математи́ческое доказа́тельство.,1976,"кино, нехудожественная",киномелодрама,"Э́то Шти́рлиц вы́вел для себя́ / сло́вно математи́ческое доказа́тельство. [Владимир Меньшов, Семен Лунгин. Розыгрыш, к/ф (1976)] [омонимия не снята]",UNKN,ADJF
Что́ вы /, сло́вно ,ма́льчик / пуска́ете тума́н? ,1976,"кино, нехудожественная",киномелодрама,"Что́ вы / сло́вно ма́льчик / пуска́ете тума́н?  [Владимир Меньшов, Семен Лунгин. Розыгрыш, к/ф (1976)] [омонимия не снята]",NPRO,NOUN
О́н, сло́вно ,предо мно́й.  ,1979,"кино, нехудожественная","кино детское, кино приключенческое, киносказка, экранизация","О́н сло́вно предо мно́й.   [Евгений Велтистов, Константин Бромберг. Приключения Электроника, к/ф (1979)] [омонимия не снята]",UNKN,PREP
О́н, словно ,ко́лос / поражённый спорыньёю / В сосе́дстве с ,1979,"кино, нехудожественная","кино детское, кино приключенческое, киносказка, экранизация","О́н словно ко́лос / поражённый спорыньёю / В сосе́дстве с чи́стым. [Евгений Велтистов, Константин Бромберг. Приключения Электроника, к/ф (1979)] [омонимия не снята]",UNKN,ADJS
е́сли в ослепле́ньи Смета́ете вы́ /, словно ,ку́чу ка́рт / Врага́ и дру́га / пра́вых ,1979,"кино, нехудожественная","кино детское, кино приключенческое, киносказка, экранизация","Ка́к сде́лать э́то / е́сли в ослепле́ньи Смета́ете вы́ / словно ку́чу ка́рт / Врага́ и дру́га / пра́вых и непра́вых?    [Евгений Велтистов, Константин Бромберг. Приключения Электроника, к/ф (1979)] [омонимия не снята]",UNKN,VERB
Ча́йный до́мик /, сло́вно ,бонбонье́рка / Утопа́л среди́ цвету́щих ро́з.,1941,"кино, нехудожественная",кинокомедия,"Ча́йный до́мик / сло́вно бонбонье́рка / Утопа́л среди́ цвету́щих ро́з. [Виктор Гусев, Иван Пырьев. Свинарка и пастух, к/ф (1941)] [омонимия не снята]",NOUN,NOUN
Круго́м моро́з / бело́ /, сло́вно ,колдовство́.,1977,"кино, нехудожественная","кинодрама, кинокомедия, экранизация","Круго́м моро́з / бело́ / сло́вно колдовство́. [Антон Чехов, Михаил Швейцер. Смешные люди!, к/ф (1977)] [омонимия не снята]",UNKN,UNKN
Петру́шечка / ну ты́, сло́вно ,ба́бочка / вы́лупившаяся из ко́кона.  ,1944,"кино, нехудожественная","кино военное, киномелодрама","Петру́шечка / ну ты́ сло́вно ба́бочка / вы́лупившаяся из ко́кона.   [Виктор Гусев, Иван Пырьев. В шесть часов вечера после войны, к/ф (1944)] [омонимия не снята]",UNKN,NOUN
Доро́жка широ́кая- широ́кая / а мы́, сло́вно ,по у́зкой идём.,1977,"кино, нехудожественная","кино музыкальное, кинокомедия, стихотворная пьеса, экранизация","Доро́жка широ́кая- широ́кая / а мы́ сло́вно по у́зкой идём. [Лопе де Вена, Михаил Донской, Михаил Лозинский, Ян Фрид. Собака на сене, к/ф (1977)] [омонимия не снята]",UNKN,PREP
ле́то / когда́ хо́дишь по земле́ /, сло́вно ,лета́ешь по́ небу.,1990-2004,"авторское чтение, нехудожественная",рассказ,Наве́рное / у ка́ждого в жи́зни быва́ет тако́е ле́то / когда́ хо́дишь по земле́ / сло́вно лета́ешь по́ небу. [Ф.А. Искандер. Пастух и косуля (1990-2004) // ImWerden] [омонимия не снята],UNKN,VERB
в дома́х тепло́ и ую́тно /, словно ,не́т зимы́… словно не́т зимы́.,1941,"кино, нехудожественная",кино военное,"А в дома́х тепло́ и ую́тно / словно не́т зимы́… словно не́т зимы́. [Александр Роу, Альберт Гельденштейн, Климентий Минц, Леонид Альцев, Рафаил Перельштейн, Сергей Юткевич. Боевой киносборник № 7, к/ф (1941)] [омонимия не снята]",ADJS,NOUN
Всё равно́ сты́дно., Сло́вно ,продаёшь свою́ со́весть по мелоча́м.,1953,"кино, нехудожественная",кино историческое,"Всё равно́ сты́дно. Сло́вно продаёшь свою́ со́весть по мелоча́м. [Александр Штейн, Михаил Ромм. Адмирал Ушаков, к/ф (1953)] [омонимия не снята]",NOUN,VERB
Ты́ что́., Сло́вно ,опя́ть тебя́ кто́ укуси́л.,1953,"кино, нехудожественная",кино историческое,"Ты́ что́. Сло́вно опя́ть тебя́ кто́ укуси́л. [Александр Штейн, Михаил Ромм. Адмирал Ушаков, к/ф (1953)] [омонимия не снята]",UNKN,INFN
Ты́ и́м, сло́вно ,ве́тер / Гла́шенька / ве́тер весе́нний / ла́сковый.  ,1987,"кино, нехудожественная","кино историческое, кино приключенческое","Ты́ и́м сло́вно ве́тер / Гла́шенька / ве́тер весе́нний / ла́сковый.   [Нина Соротокина, Светлана Дружинина, Юрий Нагибин. Гардемарины, вперед!, к/ф (1987)] [омонимия не снята]",UNKN,VERB
Пове́рьте / душа́ моя́, сло́вно ,цвето́к на лугу́.  ,1987,"кино, нехудожественная","кино историческое, кино приключенческое","Пове́рьте / душа́ моя́ сло́вно цвето́к на лугу́.   [Нина Соротокина, Светлана Дружинина, Юрий Нагибин. Гардемарины, вперед!, к/ф (1987)] [омонимия не снята]",UNKN,NOUN
И за э́то серде́чко ва́ше /, Сло́вно ,пи́сьма / гори́т в огне́.  ,1987,"кино, нехудожественная","кино историческое, кино приключенческое","То́лько вы́ не послу́шались / Гла́ша / То́лько вы́ не пове́рили мне́ / И за э́то серде́чко ва́ше / Сло́вно пи́сьма / гори́т в огне́.   [Нина Соротокина, Светлана Дружинина, Юрий Нагибин. Гардемарины, вперед!, к/ф (1987)] [омонимия не снята]",NOUN,NOUN
вдали́ краса́вцев порося́т / А экскурса́нты /, сло́вно ,пти́чьи ста́и / К её портре́ту ми́лому ,1987,"кино, нехудожественная","кино историческое, кино приключенческое","И во́т / живёт свина́рка скро́мная / проста́я / Расти́т вдали́ краса́вцев порося́т / А экскурса́нты / сло́вно пти́чьи ста́и / К её портре́ту ми́лому спеша́т!  [Нина Соротокина, Светлана Дружинина, Юрий Нагибин. Гардемарины, вперед!, к/ф (1987)] [омонимия не снята]",NOUN,ADJF
сама́ на себя́ не похо́жая /, сло́вно ,иго́лку проглоти́ла?   ,1974,"кино, нехудожественная",кинокомедия,"Чего́ это ты́ / Шу́р / сама́ на себя́ не похо́жая / сло́вно иго́лку проглоти́ла?    [Джузеппе Моккия, Франко Кастеллано, Эльдар Рязанов, Эмиль Брагинский. Невероятные приключения итальянцев в России, к/ф (1974)] [омонимия не снята]",GRND,NOUN
Ты́, сло́вно ,по́п приходско́й.  ,1979,"кино, нехудожественная","кино музыкальное, кинокомедия, экранизация","Ты́ сло́вно по́п приходско́й.   [Наум Бирман, Семен Лунгин. Трое в лодке, не считая собаки, к/ф (1979)] [омонимия не снята]",UNKN,NOUN
Она́, сло́вно ,создана́ / что́бы крути́ть ру́чку прое́ктора.,1972,"кино, нехудожественная","кинокомедия, киномюзикл","Она́ сло́вно создана́ / что́бы крути́ть ру́чку прое́ктора. [Владимир Воробьев, Игорь Усов, Николай Адуев. Табачный капитан, к/ф (1972)] [омонимия не снята]",UNKN,UNKN
Конфе́тки- бара́ночки /, сло́вно ,ле́беди са́ночки / э́х вы́ / ко́ни заве́тные…  ,1979,"кино, нехудожественная","кинокомедия, киномюзикл","Конфе́тки- бара́ночки / сло́вно ле́беди са́ночки / э́х вы́ / ко́ни заве́тные…   [Михаил Вольпин, Николай Эрдман, Ян Фрид. Летучая мышь, к/ф (1979)] [омонимия не снята]",NOUN,VERB
"Сейча́с, сейча́с,― сказа́л о́н вслу́х,", сло́вно ,косу́ля могла́ его́ поня́ть.,1983,"кино, нехудожественная","кинодрама, экранизация","Сейча́с, сейча́с,― сказа́л о́н вслу́х, сло́вно косу́ля могла́ его́ поня́ть. [Никита Михалков, Рамиз Фаталиев, Софья Прокофьева. Без свидетелей, к/ф (1983)] [омонимия не снята]",NOUN,NOUN
"И она́,", сло́вно ,"в са́мом де́ле по́няв его́, подняла́сь ",1983,"кино, нехудожественная","кинодрама, экранизация","И она́, сло́вно в са́мом де́ле по́няв его́, подняла́сь на за́дние но́ги и, упёршись пере́дними нога́ми в сте́ну обры́ва, за́мерла, гля́дя на него́. [Никита Михалков, Рамиз Фаталиев, Софья Прокофьева. Без свидетелей, к/ф (1983)] [омонимия не снята]",UNKN,PREP
"И вдру́г косу́ля,", сло́вно ,"что́-то вспо́мнив, поверну́лась и побежа́ла от ",1983,"кино, нехудожественная","кинодрама, экранизация","И вдру́г косу́ля, сло́вно что́-то вспо́мнив, поверну́лась и побежа́ла от него́ по гре́бню хребта́. [Никита Михалков, Рамиз Фаталиев, Софья Прокофьева. Без свидетелей, к/ф (1983)] [омонимия не снята]",NOUN,UNKN
И наступа́ет така́я… я́сность…, сло́вно ,до́ждь прекрати́лся… И голоса́… стиха́ют / стиха́ют / ,1979,"кино, нехудожественная","кинопритча, кинофантастика","И наступа́ет така́я… я́сность… сло́вно до́ждь прекрати́лся… И голоса́… стиха́ют / стиха́ют / стиха́ют… В о́бщем / ты́ понима́ешь / о чём я́.   [Андрей Тарковский, Аркадий Стругацкий, Борис Стругацкий. Сталкер, к/ф (1979)] [омонимия не снята]",UNKN,NOUN
Обряди́лась /, сло́вно ,ку́кла!   ,2004,"кино, нехудожественная",кинодрама,"Обряди́лась / сло́вно ку́кла!    [Дина Рубина, Константин Худяков. На Верхней Масловке, к/ф (2004)] [омонимия не снята]",VERB,VERB
Ха́ррис обнару́жил / что гру́бый кана́т /, сло́вно ,уда́в / обви́л лиле́йную ше́йку одно́й из ,1970,"кино, нехудожественная",киномелодрама,"Но ту́т Ха́ррис обнару́жил / что гру́бый кана́т / сло́вно уда́в / обви́л лиле́йную ше́йку одно́й из ни́х. [Алексей Сахаров, Константин Симонов. Случай с Полыниным, к/ф (1970)] [омонимия не снята]",NOUN,GRND
"по-мо́ему/ И́горя Северя́нина/ "" мы́ живём/", сло́вно ,во сне́ неразга́данном на одно́й из ,2006,"нехудожественная, устная публичная речь",репортаж,"Поэ́тому/ та́к сказать/ заключа́я/ е́сть тако́е стихотворе́ние/ по-мо́ему/ И́горя Северя́нина/ "" мы́ живём/ сло́вно во сне́ неразга́данном на одно́й из удо́бных плане́т"". [Дмитрий Ваcильев, Константин Выборнов. Спортивный репортаж / биатлон. Олимпийские игры. Эстафета 4х6 км Женщины. (23.02.2006) (2006) // «Первый канал» / прямой эфир] [омонимия не снята]",VERB,PREP
Где́ она́!, Сло́вно ,в трубу́ вы́летела! ,1967-1971,"нехудожественная, устная публичная речь",рассказ,Где́ она́! Сло́вно в трубу́ вы́летела!  [И.Л. Андроников. Первый раз на эстраде (1967-1971) // «Старое радио» http://www.staroeradio.ru/audio/12800] [омонимия не снята],UNKN,PREP
Ле́в в кле́тке…, Сло́вно ,ле́в в кле́тке…,1967-1971,"нехудожественная, устная публичная речь",рассказ,Ле́в в кле́тке… Сло́вно ле́в в кле́тке… [И.Л. Андроников. Первый раз на эстраде (1967-1971) // «Старое радио» http://www.staroeradio.ru/audio/12800] [омонимия не снята],UNKN,GRND
Попа́л я́ к нему́ /, сло́вно ,в капка́н.  ,1980,"кино, нехудожественная","кино историческое, кино приключенческое","Попа́л я́ к нему́ / сло́вно в капка́н.   [Александр Алов, Владимир Наумов, Михаил Шатров. Тегеран-43, к/ф (1980)] [омонимия не снята]",UNKN,PREP
и вдру́г меня́, сло́вно ,что́-то толкну́ло в гру́дь.  ,1978,"кино, нехудожественная","киномелодрама, экранизация","и вдру́г меня́ сло́вно что́-то толкну́ло в гру́дь.   [Сомерсет Моэм, Янис Стрейч. Театр, к/ф (1978)] [омонимия не снята]",UNKN,UNKN
чу́вство брезгли́вости / жа́лости и удивле́ния., Сло́вно ,приходи́ли каки́е-то больны́е / что́ ли.,1979,"кино, нехудожественная",кино-катастрофа,"чу́вство брезгли́вости / жа́лости и удивле́ния. Сло́вно приходи́ли каки́е-то больны́е / что́ ли. [Александр Митта, Борис Уриновский, Валерий Фрид, Юлий Дунский. Экипаж, к/ф (1979)] [омонимия не снята]",NOUN,VERB
Такое ощущение /, словно ,вот по глубинке проедешь / что вообще ,1995,"кино, нехудожественная",киномелодрама,"Такое ощущение / словно вот по глубинке проедешь / что вообще у нас просто / что Россия- матушка вся загнулась. [Дмитрий Астрахан, Олег Данилов. Все будет хорошо, к/ф (1995)] [омонимия не снята]",NOUN,PRCL
, Сло́вно ,в ночи́ луна́… сло́вно в степи́ ,2006,"нехудожественная, устная публичная речь",встреча со слушателями,Сло́вно.. в ночи́ луна́… сло́вно в степи́ сосна́… сло́вно в году́… весна́. [Программа «Эхо событий» (2006) // Фонотека ИРЯ им. В.В. Виноградова РАН] [омонимия не снята],,PREP
Одна́…, сло́вно ,в ночи́ луна́ / сло́вно в степи́ ,2006,"нехудожественная, устная публичная речь",встреча со слушателями,Одна́… сло́вно в ночи́ луна́ / сло́вно в степи́ сосна́…   [Программа «Эхо событий» (2006) // Фонотека ИРЯ им. В.В. Виноградова РАН] [омонимия не снята],UNKN,PREP
Ты́ у меня́ одна́!, Сло́вно ,в ночи́ луна́!   ,2006,"нехудожественная, устная публичная речь",встреча со слушателями,Ты́ у меня́ одна́! Сло́вно в ночи́ луна́!    [Программа «Эхо событий» (2006) // Фонотека ИРЯ им. В.В. Виноградова РАН] [омонимия не снята],UNKN,PREP
на́с го́нят на убо́й / Хле́щут /, словно ,пле́ть / по на́шим спи́нам.,2006,"нехудожественная, устная публичная речь",рассказ,Во́пли и́х на́с го́нят на убо́й / Хле́щут / словно пле́ть / по на́шим спи́нам. [Эти беспокойные русские... Д/ф из цикла «Письма из провинции» (ТК «Культура») (2006) // ТК «Культура»] [омонимия не снята],VERB,INFN
, Словно ,автома́ты / де́нь и но́чь / Мы́ должны́ ,2006,"нехудожественная, устная публичная речь",рассказ,Словно автома́ты / де́нь и но́чь / Мы́ должны́ прика́зам подчиня́ться / По прика́зу пы́ль доро́г толо́чь / По прика́зу жра́ть и испражня́ться!  [Эти беспокойные русские... Д/ф из цикла «Письма из провинции» (ТК «Культура») (2006) // ТК «Культура»] [омонимия не снята],,NOUN
Мчи́сь / моя́ пе́сня / забо́ев /, Сло́вно ,отве́т старине́! ,1959,"кино, нехудожественная","кино военное, кинодрама","Мчи́сь / моя́ пе́сня / забо́ев / Сло́вно отве́т старине́!  [Валентин Ежов, Григорий Чухрай. Баллада о солдате, к/ф (1959)] [омонимия не снята]",NOUN,NOUN
бе́лые о́стзе́йские глаза́/ и лицо́/, сло́вно ,пома́занное сла́бым йо́дом.  ,1959,"кино, нехудожественная","кино детское, киносказка","У него́ вы́пуклые бе́лые о́стзе́йские глаза́/ и лицо́/ сло́вно пома́занное сла́бым йо́дом.   [Александр Роу, Евгений Шварц. Марья-искусница, к/ф (1959)] [омонимия не снята]",UNKN,PRTF
для ва́с и для на́с/, сло́вно ,у него́ свои́х де́л не́т.,1959,"кино, нехудожественная","кино детское, киносказка","Ско́лько о́н де́лает для ва́с и для на́с/ сло́вно у него́ свои́х де́л не́т. [Александр Роу, Евгений Шварц. Марья-искусница, к/ф (1959)] [омонимия не снята]",NOUN,PREP
Пе́нием пти́ц слу́х сво́й ублажа́ешь /, сло́вно ,поёшь вме́сте с ни́ми ты́.,1963,"кино, нехудожественная","кино детское, киносказка, экранизация","Пе́нием пти́ц слу́х сво́й ублажа́ешь / сло́вно поёшь вме́сте с ни́ми ты́. [Александр Роу, Виталий Губарев, Лев Аркадьев. Королевство кривых зеркал, к/ф (1963)] [омонимия не снята]",VERB,VERB
цветы́ / и всё бу́дет та́к /, сло́вно ,у меня́ и не́ было причи́ны ,1977,"кино, нехудожественная","кинодрама, экранизация","Каза́лось / сто́ит мне́ сейча́с найти́ цветы́ / и всё бу́дет та́к / сло́вно у меня́ и не́ было причи́ны забыва́ть и́х в кафе́. [Гавриил Троепольский, Станислав Ростоцкий. Белый Бим, Черное ухо, к/ф (1977)] [омонимия не снята]",NOUN,PREP
, Сло́вно ,тебя́ поста́вили на магни́тное по́ле / и ,1968,"кино, нехудожественная","киноповесть, экранизация","Сло́вно тебя́ поста́вили на магни́тное по́ле / и ты́ ка́тишься… не в си́лах с него́ сойти́. [Александр Хмелик, Владимир Киселев, Ричард Викторов. Переходный возраст, к/ф (1968)] [омонимия не снята]",,UNKN
Вы́ сия́ете /, сло́вно ,бли́н / кото́рый сма́зали ма́слом.  ,1968,"кино, нехудожественная","киноповесть, экранизация","Вы́ сия́ете / сло́вно бли́н / кото́рый сма́зали ма́слом.   [Александр Хмелик, Владимир Киселев, Ричард Викторов. Переходный возраст, к/ф (1968)] [омонимия не снята]",VERB,NOUN
Э́то вы́ сия́ете /, сло́вно ,бли́н.  ,1968,"кино, нехудожественная","киноповесть, экранизация","Э́то вы́ сия́ете / сло́вно бли́н.   [Александр Хмелик, Владимир Киселев, Ричард Викторов. Переходный возраст, к/ф (1968)] [омонимия не снята]",VERB,NOUN
У́лицы ро́зданы Де́тям /, словно ,кла́д.,2003,"нехудожественная, устная публичная речь",дискуссия,У́лицы ро́зданы Де́тям / словно кла́д. [Беседа с социологом на общественно-политические темы (Санкт-Петербург) (2003) // Фонд «Общественное мнение»] [омонимия не снята],NOUN,NOUN
Они́ говори́ли /, сло́вно ,игра́ли в каку́ю-то стра́нную игру́! ,2003,"нехудожественная, устная публичная речь",дискуссия,Они́ говори́ли / сло́вно игра́ли в каку́ю-то стра́нную игру́!  [Беседа с социологом на общественно-политические темы (Санкт-Петербург) (2003) // Фонд «Общественное мнение»] [омонимия не снята],VERB,VERB
Гля́дя на него́ / я́, сло́вно ,верну́лся в про́шлое.,1965-1969-2016,"нехудожественная, художественное чтение",рассказ,Гля́дя на него́ / я́ сло́вно верну́лся в про́шлое. [Ю.В. Трифонов. Игры в сумерках (исп. А. Бухмин) (1965-1969-2016) // https://onclip.pro/vid/AO61FGExgCE] [омонимия не снята],UNKN,VERB
И затем вот Ало́нсо /, словно ,спохватившись / триста тридцать три тысячных обратно ,2004,"кино, нехудожественная",кинодрама,"И затем вот Ало́нсо / словно спохватившись / триста тридцать три тысячных обратно отыграл у своего соперника на последнем шейсят шестом круге. [Александр Бородянский, Карен Шахназаров. Всадник по имени Смерть, к/ф (2004)] [омонимия не снята]",NOUN,GRND
Да мо́ре без фло́та., Сло́вно ,вино́ без хме́ля.  ,1983,"кино, нехудожественная","кинодетектив, экранизация","Да мо́ре без фло́та. Сло́вно вино́ без хме́ля.   [Владимир Валуцкий, Игорь Масленников, Конан Дойль Артур, Юлий Дунский. Приключения Шерлока Холмса и доктора Ватсона. Сокровища Агры, к/ф (1983)] [омонимия не снята]",NOUN,UNKN
, Сло́вно ,ты́ со мно́й и не держа́л ,1983,"кино, нехудожественная","кинодетектив, экранизация","Сло́вно ты́ со мно́й и не держа́л сове́та. [Владимир Валуцкий, Игорь Масленников, Конан Дойль Артур, Юлий Дунский. Приключения Шерлока Холмса и доктора Ватсона. Сокровища Агры, к/ф (1983)] [омонимия не снята]",,UNKN
Бедня́га / та́к проходи́л всю́ жи́знь /, сло́вно ,больно́й радикули́том.,1982,"кино, нехудожественная",кинодрама,"Бедня́га / та́к проходи́л всю́ жи́знь / сло́вно больно́й радикули́том. [Григорий Горин, Марк Захаров, Ян Фрид. Дом, который построил Свифт, к/ф (1982)] [омонимия не снята]",NOUN,VERB
кака́я-то така́я… м- м… запя́тнанная /, сло́вно ,клопа́ раздави́ли.,1967,"кино, нехудожественная",киноповесть,"Жа́луется ю́нкер на не́кого кня́зя / Чес… Че́скеке… фами́лия кака́я-то така́я… м- м… запя́тнанная / сло́вно клопа́ раздави́ли. [Сергей Герасимов. Журналист, к/ф (1967)] [омонимия не снята]",PRTF,UNKN
Взя́л и ми́мо прошёл., Сло́вно ,во́р.,1948-1949,"кино, нехудожественная","кино военное, кино историческое","Взя́л и ми́мо прошёл. Сло́вно во́р. [Владимир Петров, Николай Вирта. Сталинградская битва, к/ф (1948-1949)] [омонимия не снята]",VERB,NOUN
в углу́ сверка́л кори́чневою ко́жей/, сло́вно ,жёлтый.,2014,"нехудожественная, устная непубличная речь",беседа,Бы́л в ла́мпочке повы́шенный нака́л/ невы́годный для ме́бели истёртой/ и потому́ дива́н в углу́ сверка́л кори́чневою ко́жей/ сло́вно жёлтый. [Разговор друзей о работе (2014) // Из коллекции Нижегородского филиала НИУ ВШЭ] [омонимия не снята],NOUN,ADJF
Лю́ди, сло́вно ,и не живу́т/ а то́лько жду́т ,1969,"кино, нехудожественная","кино музыкальное, киносказка, стихотворная пьеса, экранизация","Лю́ди сло́вно и не живу́т/ а то́лько жду́т настоя́щей жи́зни/ кото́рой не́т и не бу́дет. [Вадим Коростылев, Карло Гоцци, Павел Арсенов. Король-олень, к/ф (1969)] [омонимия не снята]",VERB,CONJ
Срабо́тан /, сло́вно ,па́мятник Тарта́лье.,1957,"кино, нехудожественная",кинодрама,"Срабо́тан / сло́вно па́мятник Тарта́лье. [Евгений Габрилович, Юлий Райзман. Коммунист, к/ф (1957)] [омонимия не снята]",PRTS,NOUN
стра́сть исче́зла без сле́да / И, сло́вно ,мы́ знако́мы е́ле-е́ле / На ра́дость торжеству́ющей ,1970,"нехудожественная, театральная речь",радиопостановка,"Сего́дня стра́сть исче́зла без сле́да / И сло́вно мы́ знако́мы е́ле-е́ле / На ра́дость торжеству́ющей Марсе́ле.   [А. Хайт. Радионяня: Оба, обе (Весёлый урок 2) (1970) // «Старое радио» http://www.staroeradio.ru/audio/1779] [омонимия не снята]",CONJ,UNKN
Потому́ что ты́, сло́вно ,бо́г смо́тришься в э́тот моме́нт.,1968,"кино, нехудожественная",кинодрама,"Потому́ что ты́ сло́вно бо́г смо́тришься в э́тот моме́нт. [Георгий Полонский, Станислав Ростоцкий. Доживем до понедельника, к/ф (1968)] [омонимия не снята]",UNKN,NOUN
о́бразом чу́вствует и слы́шит приро́ду /, сло́вно ,пупови́ной свя́зан о́н с тайго́й и ,2004,"кино, нехудожественная","кинокомедия, кинотриллер","С ра́нних ле́т ма́льчик Распу́тин каки́м-то чуде́сным о́бразом чу́вствует и слы́шит приро́ду / сло́вно пупови́ной свя́зан о́н с тайго́й и реко́й. [Валерий Рожнов. Ночной продавец, к/ф (2004)] [омонимия не снята]",NOUN,ADJF
бы ста́ть зна́ком для меня́ /, сло́вно ,пе́редо мно́й две́рь из све́та / за ,1938,"кино, нехудожественная","кино биографическое, кинодрама","Я́ не зна́ю / кака́я мечта́ могла́ бы ста́ть зна́ком для меня́ / сло́вно пе́редо мно́й две́рь из све́та / за кото́рую то́лько ступи́ – и ста́нешь те́м / что́ ты́ на са́мом де́ле е́сть / одна́ко / бы́ть э́тим не уме́ешь и не мо́жешь. [Мануэль Большинцов, Михаил Блейман, Фридрих Эрмлер. Великий гражданин, к/ф (1938)] [омонимия не снята]",UNKN,NOUN
Они́ крича́т о Се́верной А́фрике /, сло́вно ,та́м реша́ется судьба́ войны́.,1980,"кино, нехудожественная","кино музыкальное, кинокомедия, стихотворная пьеса, экранизация","Они́ крича́т о Се́верной А́фрике / сло́вно та́м реша́ется судьба́ войны́. [Михаил Донской, Тирса де Молина, Ян Фрид. Благочестивая Марта, к/ф (1980)] [омонимия не снята]",NOUN,NOUN
И́ли что́ услы́шал., Сло́вно ,за дере́вню погуля́ть ты вы́шел.  ,1978-1983,"кино, нехудожественная","киносказка, мультфильм, экранизация","И́ли что́ услы́шал. Сло́вно за дере́вню погуля́ть ты вы́шел.   [Аида Зябликова, Анатолий Аляшев, Туве Янссон. Муми-тролль, м/ф (1978-1983)] [омонимия не снята]",ADJS,PREP
О́н /, сло́вно ,зо́рька поутру́ / Гори́т над голово́ой! ,1978,"кино, нехудожественная","кинокомедия, киномюзикл, экранизация","О́н / сло́вно зо́рька поутру́ / Гори́т над голово́ой!  [Михаил Григорьев (Гутгарц), Михаил Лозинский, Ричард Шеридан. Дуэнья, к/ф (1978)] [омонимия не снята]",UNKN,NOUN
О́н /, сло́вно ,зо́рька поутру́ / Гори́т над голово́ой! ,1978,"кино, нехудожественная","кинокомедия, киномюзикл, экранизация","О́н / сло́вно зо́рька поутру́ / Гори́т над голово́ой!  [Михаил Григорьев (Гутгарц), Михаил Лозинский, Ричард Шеридан. Дуэнья, к/ф (1978)] [омонимия не снята]",UNKN,NOUN
О́н /, сло́вно ,зо́рька поутру́ / Гори́т над голово́ой! ,1978,"кино, нехудожественная","кинокомедия, киномюзикл, экранизация","О́н / сло́вно зо́рька поутру́ / Гори́т над голово́ой!  [Михаил Григорьев (Гутгарц), Михаил Лозинский, Ричард Шеридан. Дуэнья, к/ф (1978)] [омонимия не снята]",UNKN,NOUN
скажи́ / что о́н об е́й /, сло́вно ,пое́т како́й / де́нь и но́чь мечта́ет…  ,2008,"нехудожественная, устная публичная речь",рассказ,Ты́ его́ Лизаве́те скажи́ / что о́н об е́й / сло́вно пое́т како́й / де́нь и но́чь мечта́ет…   [Преломление (Орск). Д/ф из цикла «Письма из провинции» (ТК «Культура») (2008) // ТК «Культура»] [омонимия не снята],UNKN,NOUN
"глаза́ в сто́рону секретаря́ райко́ма,", сло́вно ,ища́ у него́ подде́ржки.,2005,"нехудожественная, устная публичная речь",рассказ,"Да́, строгачо́м зде́сь не отде́лаешься», ― трево́жно поду́мал Никола́й Алекса́ныч и нево́льно скоси́л глаза́ в сто́рону секретаря́ райко́ма, сло́вно ища́ у него́ подде́ржки. [Валентина Чубенко. Программа «Кто мы в этой жизни» о директоре благотворительного фонда «Родная Балашиха» Л.А. Самоделовой (2005) // ГРТК «Подмосковье» / Передача «Берег надежды»] [омонимия не снята]",NOUN,UNKN
Е́шь и ничего́ не чу́вствуешь!, Сло́вно ,в забытьи́ё! ,1974,"нехудожественная, устная публичная речь",документально-художественная композиция,"Е́шь и ничего́ не чу́вствуешь! Сло́вно… в забытьи́ё!  [Подвиг во льдах. Хроника Челюскинской эпопеи (1974) // пластинка 30см/33об, http://www.staroeradio.ru/audio/1067; использованы записи Центрального госархива звукозаписей СССР] [омонимия не снята]",VERB,PREP
Э́ко… разреве́лся /, сло́вно ,ба́ба.,1974,"нехудожественная, устная публичная речь",документально-художественная композиция,"Э́ко… разреве́лся / сло́вно ба́ба. [Подвиг во льдах. Хроника Челюскинской эпопеи (1974) // пластинка 30см/33об, http://www.staroeradio.ru/audio/1067; использованы записи Центрального госархива звукозаписей СССР] [омонимия не снята]",VERB,NOUN
Э́то… Трещи́т /, сло́вно ,кастрю́ля!   ,1974,"нехудожественная, устная публичная речь",документально-художественная композиция,"Э́то… Трещи́т / сло́вно кастрю́ля!    [Подвиг во льдах. Хроника Челюскинской эпопеи (1974) // пластинка 30см/33об, http://www.staroeradio.ru/audio/1067; использованы записи Центрального госархива звукозаписей СССР] [омонимия не снята]",NOUN,NOUN
Тепе́рь но́вая / больша́я жи́знь, сло́вно ,погрузи́ла на́с сра́зу во все́ вчера́шние ,1967-1971,"нехудожественная, устная публичная речь",рассказ,Тепе́рь но́вая / больша́я жи́знь сло́вно погрузи́ла на́с сра́зу во все́ вчера́шние и за́втрашние / отдалённые и о́чень ва́жные пробле́мы / и что́бы реши́ть и́х / мы́ поро́й отправля́емся к други́м лю́дям. [И.Л. Андроников. Четыре часа из жизни Блока (1967-1971) // «Старое радио» http://control.audiopedia.su/audio/8662] [омонимия не снята],NOUN,VERB
, Сло́вно ,всё то / что́ многострада́льно накопи́лось в ,1967-1971,"нехудожественная, устная публичная речь",рассказ,Сло́вно всё то / что́ многострада́льно накопи́лось в душе́ за века́ / в пе́сне вы́лилось исповедально / чу́до / ра́дость и го́ре / тоска́… И душа́ преиспо́лнена чу́вства / не́ту э́того чу́вства святе́й. [И.Л. Андроников. Четыре часа из жизни Блока (1967-1971) // «Старое радио» http://control.audiopedia.su/audio/8662] [омонимия не снята],,ADJF
жа́ркий де́нь / а ва́ше лицо́, сло́вно ,замёрзло.  ,1990,"кино, нехудожественная",кинодрама,"Полко́вник / сего́дня тако́й жа́ркий де́нь / а ва́ше лицо́ сло́вно замёрзло.   [Михаил Коновальчук, Сергей Сельянов. Духов день, к/ф (1990)] [омонимия не снята]",UNKN,ADJS
пло́ской/ а соверше́нно полукру́глой подо́шве/, сло́вно ,нама́занные стеари́ном.,1979,"кино, нехудожественная","кинодрама, кинокомедия","Кро́ме того́/ они́ бы́ли на како́й-то не пло́ской/ а соверше́нно полукру́глой подо́шве/ сло́вно нама́занные стеари́ном. [Григорий Горин, Марк Захаров. Тот самый Мюнхгаузен, к/ф (1979)] [омонимия не снята]",NOUN,PRTF
подста́вки/ то ста́л засу́чивать штаны́/, сло́вно ,ле́з в холо́дную во́ду.  ,1979,"кино, нехудожественная","кинодрама, кинокомедия","А када́ добра́лся до дирижёрской подста́вки/ то ста́л засу́чивать штаны́/ сло́вно ле́з в холо́дную во́ду.   [Григорий Горин, Марк Захаров. Тот самый Мюнхгаузен, к/ф (1979)] [омонимия не снята]",UNKN,NOUN
У балко́на я́ склонён / /, Сло́вно ,па́ж у тро́на.,1979,"кино, нехудожественная","кинодетектив, кинокомедия, экранизация","У балко́на я́ склонён / / Сло́вно па́ж у тро́на. [Евгений Татарский, Роберт Стивенсон, Эдгар Дубровский. Клуб самоубийц, или приключения титулованной особы | Приключения принца Флоризеля, к/ф (1979)] [омонимия не снята]",PRTS,NOUN
За́л засты́л /, сло́вно ,к по́лу приро́с / Все́ онеме́ли и ,1979,"кино, нехудожественная","кинодетектив, кинокомедия, экранизация","За́л засты́л / сло́вно к по́лу приро́с / Все́ онеме́ли и в глаза́х вопро́с. [Евгений Татарский, Роберт Стивенсон, Эдгар Дубровский. Клуб самоубийц, или приключения титулованной особы | Приключения принца Флоризеля, к/ф (1979)] [омонимия не снята]",VERB,PREP
Ге́рцен не суме́л / Толсто́й недопо́нял., Сло́вно ,в исто́рии ору́довала компа́ния дво́ечников.,2008,"нехудожественная, устная публичная речь",рассказ,Ге́рцен не суме́л / Толсто́й недопо́нял. Сло́вно в исто́рии ору́довала компа́ния дво́ечников. [Истоки (Крестцы). Д/ф из цикла «Письма из провинции» (ТК «Культура») (2008) // ТК «Культура»] [омонимия не снята],VERB,PREP
э́то на всё посмотре́л / и́…, сло́вно ,ко́лом меня́ по башке́ та́к уда́рило! ,2010,"монолог научный, нехудожественная, устная публичная речь",лекция,Я́ во́т ка́к-то во́т на э́то на всё посмотре́л / и́… сло́вно ко́лом меня́ по башке́ та́к уда́рило!  [Лев Зеленый. Солнечная империя. Проект Academia (ГТРК Культура) (2010)] [омонимия не снята],UNKN,NOUN
, Сло́вно ,то́поль шелестя́щий / Ста́н тво́й не́жный для ,2006,"нехудожественная, устная публичная речь",репортаж,"Сло́вно то́поль шелестя́щий / Ста́н тво́й не́жный для меня́ / Све́тит ра́дугой блестя́щей Ста́н тво́й не́жный для меня́. [Алексей Попов. Спортивный репортаж: Формула-1. Гран-при Монако. Монте-Карло (25.05.2006) (2006) // REN-TV, прямой эфир] [омонимия не снята]",,NOUN
у меня́ все́ фигу́ры менуве́та, сло́вно ,коро́ва языко́м из па́мяти слизну́ла! ,2006,"нехудожественная, устная публичная речь",встреча со слушателями,А у меня́ все́ фигу́ры менуве́та сло́вно коро́ва языко́м из па́мяти слизну́ла!  [Рубрика «Лицом к барьеру» на Радио «Свобода» (2006) // Фонотека ИРЯ им. В.В. Виноградова РАН] [омонимия не снята],NOUN,NOUN
О́н ве́рит вздо́рному вы́мыслу сочини́теля, сло́вно ,Свяще́нному Писа́нию.,1968,"кино, нехудожественная","киносказка, мультфильм, экранизация","О́н ве́рит вздо́рному вы́мыслу сочини́теля сло́вно Свяще́нному Писа́нию. [Александр Галич, Ганс-Христиан Андерсен, Иван Аксенчук. Русалочка, м/ф (1968)] [омонимия не снята]",NOUN,ADJF
Киха́но / ка́к ра́но вы́ подня́лись /, сло́вно ,просто́й мужи́к.,1968,"кино, нехудожественная","киносказка, мультфильм, экранизация","Сеньо́р Киха́но / ка́к ра́но вы́ подня́лись / сло́вно просто́й мужи́к. [Александр Галич, Ганс-Христиан Андерсен, Иван Аксенчук. Русалочка, м/ф (1968)] [омонимия не снята]",VERB,VERB
Я́, сло́вно ,пти́чка в кле́тке.,1968,"кино, нехудожественная","киносказка, мультфильм, экранизация","Я́ сло́вно пти́чка в кле́тке. [Александр Галич, Ганс-Христиан Андерсен, Иван Аксенчук. Русалочка, м/ф (1968)] [омонимия не снята]",UNKN,NOUN
Я́… я́ слы́шу тебя́ /, сло́вно ,бы и́здали.,1968,"кино, нехудожественная","киносказка, мультфильм, экранизация","Я́… я́ слы́шу тебя́ / сло́вно бы и́здали. [Александр Галич, Ганс-Христиан Андерсен, Иван Аксенчук. Русалочка, м/ф (1968)] [омонимия не снята]",UNKN,PRCL
то́ шёпот ва́ш очарова́л меня́, сло́вно ,весе́нний ветеро́к.  ,1968,"кино, нехудожественная","киносказка, мультфильм, экранизация","Уж на что́ я́ доброде́телен / но и то́ шёпот ва́ш очарова́л меня́ сло́вно весе́нний ветеро́к.   [Александр Галич, Ганс-Христиан Андерсен, Иван Аксенчук. Русалочка, м/ф (1968)] [омонимия не снята]",UNKN,ADJF
по́сле уда́чи с похище́нием Ги́тлер, сло́вно ,сошёл с ума́.,1956,"кино, нехудожественная",киноповесть,"Зна́ете / месье́ Легрэ́н / по́сле уда́чи с похище́нием Ги́тлер сло́вно сошёл с ума́. [Марлен Хуциев, Феликс Миронер. Весна на Заречной улице, к/ф (1956)] [омонимия не снята]",NOUN,VERB
Судьба́ /, сло́вно ,наро́чно / свела́ на́с вме́сте.,1956,"кино, нехудожественная",киноповесть,"Судьба́ / сло́вно наро́чно / свела́ на́с вме́сте. [Марлен Хуциев, Феликс Миронер. Весна на Заречной улице, к/ф (1956)] [омонимия не снята]",UNKN,ADJS
Я́ брожу́ но́чью по го́роду /, сло́вно ,те́нь.,1950-1965,"нехудожественная, художественное чтение",рассказ,Я́ брожу́ но́чью по го́роду / сло́вно те́нь. [И.С. Тургенев. Senilia (исп. А.Г. Коонен) (1950-1965) // «Старое радио»] [омонимия не снята],NOUN,NOUN
на́м услы́шать / ка́к переклика́ются столе́тия /, сло́вно ,перезво́н стари́нных ба́шенных часо́в или го́вор ,2008,"нехудожественная, устная публичная речь",рассказ,"Они́ помогли́ на́м услы́шать / ка́к переклика́ются столе́тия / сло́вно перезво́н стари́нных ба́шенных часо́в или го́вор ста́рых колоко́лен. [Ивановка… две судьбы. Д/ф из серии ""Письма из провинции"" (2008) // Т/к «Культура»] [омонимия не снята]",NOUN,NOUN
всё не́бо полно́ таи́нственных зна́мений /, сло́вно ,э́то живы́е существа́ / рассе́янные по ра́зным ,1987,"кино, нехудожественная","кинодрама, кинопритча, кинофантастика, экранизация","Быва́ют вечера́ / когда́ всё не́бо полно́ таи́нственных зна́мений / сло́вно э́то живы́е существа́ / рассе́янные по ра́зным плане́там. [Владимир Хотиненко, Надежда Кожушаная, Святослав Рыбас. Зеркало для героя, к/ф (1987)] [омонимия не снята]",NOUN,ADJS
го́споди / когда́ всё э́то ко́нчится., Сло́вно ,смо́тришь в бино́кль перевёрнутый.,1937,"кино, нехудожественная",кинодрама,"го́споди / когда́ всё э́то ко́нчится. Сло́вно смо́тришь в бино́кль перевёрнутый. [Алексей Каплер, Сергей Юткевич. Шахтеры, к/ф (1937)] [омонимия не снята]",VERB,VERB
когда́ она́ улыба́ется / её но́сик, сло́вно ,на кры́льях взлета́ет вве́рх.,2006,"нехудожественная, устная публичная речь",встреча со слушателями,"А когда́ она́ улыба́ется / её но́сик сло́вно на кры́льях взлета́ет вве́рх. [Марьяна Арзуманова, Петр Вайль. Программа ""Свободный день"". Рубрика ""Короткие истории о любви"" (2006) // Фонотека ИРЯ им. В.В. Виноградова РАН] [омонимия не снята]",NOUN,PREP
так называ́емым ле́нинским но́рмам жи́зни/, сло́вно ,э́то не Ле́нин бы́л инициа́тором гражда́нской ,2005,"нехудожественная, устная публичная речь",рассказ,Па́ртия благополу́чно была́ укры́та зо́нтиком возвраще́ния к так называ́емым ле́нинским но́рмам жи́зни/ сло́вно э́то не Ле́нин бы́л инициа́тором гражда́нской войны́ и сло́вно э́то не по его́ указа́нию в на́шей стране́ создава́лись пе́рвые ко̀нцлагеря́.   [В.Г. Распутин. Во глубине Сибири. Валентин Распутин (2005) // Т/к «Культура»] [омонимия не снята],VERB,ADJS
Да ведь богатыри́- то, сло́вно ,ро́стом- то покрупне́й должны́ бы́ть / а́?   ,1952,"нехудожественная, художественное чтение",рассказ,Да ведь богатыри́- то сло́вно ро́стом- то покрупне́й должны́ бы́ть / а́?    [А.П. Чехов. Хамелеон (исп. И.В. Ильинский) (1952) // http://cccp.tv/video/Khameleon/] [омонимия не снята],CONJ,NOUN
"физионо́мии, и у дровяно́го скла́да,", сло́вно ,"из зе́мли́ вы́росши, собира́ется толпа́.",1975,"авторское чтение, нехудожественная",повесть,"Из двере́й и о́кон высо́вываются со́нные физионо́мии, и у дровяно́го скла́да, сло́вно из зе́мли́ вы́росши, собира́ется толпа́. [В.П. Некрасов. Персональное дело коммуниста Юфы (1975) // Радио ""Свобода"", автор читает повесть ""Персональное дело коммуниста Юфы"" (""Время и мы"", №5, Тель-Авив)] [омонимия не снята]",NOUN,PREP
мне́ различи́ть двойнико́в / они́ похо́жи, сло́вно ,перча́тки.  ,2006,"нехудожественная, устная публичная речь",репортаж,Отве́тьте то́лько / ка́к мне́ различи́ть двойнико́в / они́ похо́жи сло́вно перча́тки.   [Андрей Голованов. Спортивный репортаж: хоккей. Олимпийские игры. Россия - Словакия. 15.02.2006 (2006) // «Первый канал»/ прямой эфир] [омонимия не снята],NOUN,NOUN
Вы́ со мно́й говори́те та́к /, сло́вно ,я́ ва́ш аге́нт.,2011,"нехудожественная, устная публичная речь",рассказ,"Вы́ со мно́й говори́те та́к / сло́вно я́ ва́ш аге́нт. [В краю белого ягеля (Сыктывкар, Республика Коми). Д/ф из цикла «Письма из провинции» (ТК «Культура») (2011) // Т/к «Культура». Д/ф из цикла «Письма из провинции»] [омонимия не снята]",NOUN,UNKN
легко́ и бе́режно выта́скивают ни́ти /, сло́вно ,пропуска́я скупо́е со́лнце скво́зь ма́ленькие око́шки.,2008,"нехудожественная, устная публичная речь",рассказ,Натру́женные ру́ки / привы́кшие к тяжёлому крестья́нскому труду́ / легко́ и бе́режно выта́скивают ни́ти / сло́вно пропуска́я скупо́е со́лнце скво́зь ма́ленькие око́шки. [«Разлом» (Алатырь). Д/ф из цикла «Письма из провинции» (2008) // Т/к «Культура»] [омонимия не снята],NOUN,GRND
И поняла́ / что́ « во мне́, сло́вно ,дре́внее ве́че / шуми́т новгоро́дская кро́вь.,2008,"нехудожественная, устная публичная речь",рассказ,И поняла́ / что́ « во мне́ сло́вно дре́внее ве́че / шуми́т новгоро́дская кро́вь. [«Разлом» (Алатырь). Д/ф из цикла «Письма из провинции» (2008) // Т/к «Культура»] [омонимия не снята],UNKN,NOUN
Уса́дьба сно́ва задыша́ла /, сло́вно ,Серге́й Васи́льич сюда́ верну́лся.,2006,"нехудожественная, устная публичная речь",беседа,"Уса́дьба сно́ва задыша́ла / сло́вно Серге́й Васи́льич сюда́ верну́лся. [Евгений Орлов, Михаил Донков, Татьяна Мошина. Радиопрограмма «Пешком в историю» (2006) // РТВ «Петрозаводск»] [омонимия не снята]",VERB,VERB
, Словно ,я домработница какая или деревенская баба…,1988,"нехудожественная, устная публичная речь",репортаж,Словно я домработница какая или деревенская баба… [Владимир Перетурин. Спортивный репортаж: футбол. СССР - Голландия. Чемпионат Европы 1988 г. (1988) // интернет] [омонимия не снята],,NPRO
ко́мнаты и не́рвничать и счита́ть/, сло́вно ,она́ тебе́ нужна́/ вот и́менно/ сло́вно ,1963,"нехудожественная, художественное чтение",рассказ,"Е́сли э́та сме́сь для тебя́ ничто́/ заче́м тогда́ сиде́ть в глубине́ ко́мнаты и не́рвничать и счита́ть/ сло́вно она́ тебе́ нужна́/ вот и́менно/ сло́вно заче́м-то нужна́. [Н.С. Лесков. Воительница (исп. Ф.Г. Раневская) (1963) // Великие исполнители. Фаина Раневская. - «Мелодия», «Комсомольская правда», 2012] [омонимия не снята]",INFN,UNKN
и всех / так сказать / передергивает /, словно ,мокрым пальцем по стеклу.,2001,"нехудожественная, устная публичная речь",дискуссия,Начинают наигрывать какую-то мелодию / потом бах… последнюю ноту не нажал / отошел / и всех / так сказать / передергивает / словно мокрым пальцем по стеклу. [Беседа с социологом на общественно-политические темы (Самара) (2001) // Фонд «Общественное мнение»] [омонимия не снята],VERB,ADJF
Что-то такое / «, Словно ,крылья сломанные / руки в этом черном ,1976,"кино, нехудожественная","кино биографическое, кино историческое","Что-то такое / « Словно крылья сломанные / руки в этом черном сюртуке…»  [Александр Митта, Валерий Фрид, Юлий Дунский. Сказ про то, как царь Петр арапа женил, к/ф (1976)] [омонимия не снята]",ADJF,NOUN
почему́-то сны́ его́ возду́шны / И, сло́вно ,в де́тстве / бормота́нье / вздо́р.,,"нехудожественная, театральная речь",радиопостановка,Но почему́-то сны́ его́ возду́шны / И сло́вно в де́тстве / бормота́нье / вздо́р. [Юрий Казаков. Голубое и зелёное // «Старое радио» http://www.staroeradio.ru/audio/7967] [омонимия не снята],CONJ,PREP
Партнёры, сло́вно ,предлага́ют ему́: ну́ покажи́ / покажи́ / мо́жешь ,2005,"нехудожественная, устная публичная речь","комментарий, спортивный",Партнёры сло́вно предлага́ют ему́: ну́ покажи́ / покажи́ / мо́жешь ты́ сыгра́ть в сти́ле Робе́рто Ка́рлоса. [Комментарий к футбольному матчу ЦСКА–«Спортинг» в финале кубка УЕФА (2005) // Из материалов Санкт-Петербургского университета] [омонимия не снята],NOUN,VERB
Я́ стоя́л/, сло́вно ,очаро́ванный/ и да́же не заме́тил как ,1962,"кино, нехудожественная",киномелодрама,"Я́ стоя́л/ сло́вно очаро́ванный/ и да́же не заме́тил как появи́лась она́/ протяну́ла мне́ горя́чую/ ма́ленькую ру́ку и сказа́ла/   [Анатолий Гребнев, Рувим Фраерман, Юрий Карасик. Дикая собака динго (1962)] [омонимия не снята]",VERB,PRTF
"уме́ мно́жество ро́дственных о́тзвуков, кото́рые", сло́вно ,"жа́ждали возмо́жно до́льше оста́ться в стихе́, ",2006,"кино, нехудожественная","кинодрама, киномелодрама","Ка́ждый зву́к буди́л в его́ уме́ мно́жество ро́дственных о́тзвуков, кото́рые сло́вно жа́ждали возмо́жно до́льше оста́ться в стихе́, то́ замира́я, то́ возника́я опя́ть. [Иван Вырыпаев. Эйфория, к/ф (2006)] [омонимия не снята]",ADJF,VERB
Ску́чный тако́й/ уны́лый/, сло́вно ,потеря́л что́-нибудь или со́весть нечиста́.  ,1972,"кино, нехудожественная","кино военное, кинодрама","Ску́чный тако́й/ уны́лый/ сло́вно потеря́л что́-нибудь или со́весть нечиста́.   [Борис Васильев, Станислав Ростоцкий. А зори здесь тихие, к/ф (1972)] [омонимия не снята]",ADJF,VERB
клячонки; обтерханные мужички; исхудалые / шершавые /, словно ,обглоданные коровы; даже ракиты ― с ободранной ,1976,"кино, нехудожественная",киноповесть,"Воздухом эпохи насыщены и подробности пейзажа / красноречиво говорящие о невыносимой нужде / голоде / разорении крестьян; не реки / а речки; не деревни / а деревеньки / избенки / клячонки; обтерханные мужички; исхудалые / шершавые / словно обглоданные коровы; даже ракиты ― с ободранной корой и обломанными ветками стоят / как нищие в лохмотьях.   [Георгий Полонский, Динара Асанова. Ключ без права передачи, к/ф (1976)] [омонимия не снята]",ADJF,PRTF
всё слу́шала/ и вдру́г всё, сло́вно ,кто́ меня́ ста́л за́ нос води́ть/ ,1978,"кино, нехудожественная","кинодрама, экранизация","Я́ э́то всё слу́шала/ и вдру́г всё сло́вно кто́ меня́ ста́л за́ нос води́ть/ и уда́рил на меня́ со́н/ и в одну́ мину́ту я́ засну́ла. [Валентин Распутин, Евгений Ташков. Уроки французского, к/ф (1978)] [омонимия не снята]",ADJF,UNKN
могла́/ потому́ что всё на́с/, сло́вно ,оре́хи в решете́/ протря́хивало.  ,1978,"кино, нехудожественная","кинодрама, экранизация","То́лько кре́пко я́ засну́ть ника́к не могла́/ потому́ что всё на́с/ сло́вно оре́хи в решете́/ протря́хивало.   [Валентин Распутин, Евгений Ташков. Уроки французского, к/ф (1978)] [омонимия не снята]",NOUN,NOUN
Мя́ч, сло́вно ,прилипа́л к её раке́тке.,1970-1975,"авторское чтение, нехудожественная",статья,Мя́ч сло́вно прилипа́л к её раке́тке. [К.И. Чуковский. Александр Куприн (1970-1975) // ImWerden] [омонимия не снята],NOUN,VERB
Э́  [нрзб]  полете́л /, сло́вно ,твоя́ блоха́! ,1970-1975,"авторское чтение, нехудожественная",статья,Э́  [нрзб]  полете́л / сло́вно твоя́ блоха́!  [К.И. Чуковский. Об Александре Блоке (1970-1975) // ImWerden] [омонимия не снята],VERB,UNKN
Они́ шли́ по у́лице… Се́рые…, сло́вно ,и́х тща́тельно обма́зали.,1964,"нехудожественная, художественное чтение",рассказ,"Они́ шли́ по у́лице… Се́рые… сло́вно и́х тща́тельно обма́зали. [А.П. Чехов. Индейский петух (исп. Ф.Г. Раневская) (1964) // Великие исполнители. Фаина Раневская. - «Мелодия», «Комсомольская правда», 2012] [омонимия не снята]",UNKN,UNKN
пе́рвой игре́ э́э / Бела́нов бы́л, сло́вно ,в заса́де… находи́лся на фла́нге / и́зредка ,1975,"нехудожественная, устная публичная речь",беседа,"Е́сли вы́ по́мните / в пе́рвой игре́ э́э / Бела́нов бы́л сло́вно в заса́де… находи́лся на фла́нге / и́зредка выходи́л вперёд. [А.В. Шекин-Кротова. Беседа В.Д. Дувакина с А.В. Щекин-Кротовой (1975) // «Собрание фонодокументов имени В.Д. Дувакина» Отдела устной истории Научной библиотеки МГУ им. М.В. Ломоносова, 1999] [омонимия не снята]",VERB,PREP
ща́с ва́н Ба́стен нару́шил пра́вила /, сло́вно ,ожида́я / что Сигмату́лин бу́дет де́лать подка́т ,1975,"нехудожественная, устная публичная речь",беседа,"Ва́н Ба́стен и Сигмату́лин / ща́с ва́н Ба́стен нару́шил пра́вила / сло́вно ожида́я / что Сигмату́лин бу́дет де́лать подка́т са́м / пры́гнул и сыгра́л непра́вильно про́тив на́шего центра́льного защи́тника. [А.В. Шекин-Кротова. Беседа В.Д. Дувакина с А.В. Щекин-Кротовой (1975) // «Собрание фонодокументов имени В.Д. Дувакина» Отдела устной истории Научной библиотеки МГУ им. М.В. Ломоносова, 1999] [омонимия не снята]",VERB,GRND
Дотро́нулся до мяча́ Гу́ллит /, сло́вно ,обжёгся  [смех] скоре́е ру́ку отдёрнул.,1975,"нехудожественная, устная публичная речь",беседа,"Дотро́нулся до мяча́ Гу́ллит / сло́вно обжёгся  [смех] скоре́е ру́ку отдёрнул. [А.В. Шекин-Кротова. Беседа В.Д. Дувакина с А.В. Щекин-Кротовой (1975) // «Собрание фонодокументов имени В.Д. Дувакина» Отдела устной истории Научной библиотеки МГУ им. М.В. Ломоносова, 1999] [омонимия не снята]",NOUN,VERB
меня́/ рука́ у неё холо́дная/, сло́вно ,чужа́я.  ,1965,"нехудожественная, устная публичная речь",статья,Но она́ не гляди́т на меня́/ рука́ у неё холо́дная/ сло́вно чужа́я.   [К.И. Чуковский. О Михаиле Зощенко (1965) // ImWerden Выступление в ЦДЛ в 1965 г.] [омонимия не снята],ADJF,GRND
своих сторонников на ключевые посты., Словно ,готовится к прыжку.,2006,"нехудожественная, устная публичная речь",интервью,своих сторонников на ключевые посты. Словно готовится к прыжку. [Интервью с Сергеем Лукьяненко на радиостанции «Маяк» (2006) // Из коллекции НКРЯ] [омонимия не снята],NOUN,VERB
И та́к на меня́ посмотре́ли /, сло́вно ,мы́ прони́кли в и́х владе́ния.  ,2006,"нехудожественная, устная публичная речь",репортаж,"И та́к на меня́ посмотре́ли / сло́вно мы́ прони́кли в и́х владе́ния.   [Виктор Гусев. Спортивный репортаж: футбол. Россия – Бразилия. Товарищеский матч. 01.03.2006. (2006) // «Первый канал», прямой эфир] [омонимия не снята]",VERB,UNKN
"контролёром на желе́зной доро́ге,―", сло́вно ,специа́льно гото́вился к свое́й еди́нственной важне́йшей ,1889-2010,"нехудожественная, художественное чтение",повесть,"контролёром на желе́зной доро́ге,― сло́вно специа́льно гото́вился к свое́й еди́нственной важне́йшей профе́ссии― изобрази́теля нра́вов совреме́нных ему́ люде́й и люди́шек. [А.П. Чехов. Скучная история (исп. О.П. Табаков) (1889-2010) // http://staroeradio.ru/audio/19176] [омонимия не снята]",NOUN,ADJS
Ну́ вы́ и ковыря́етесь., Сло́вно ,генера́ла собира́ете аль мини́стра како́го.  ,1973,"нехудожественная, устная публичная речь",беседа,"Ну́ вы́ и ковыря́етесь. Сло́вно генера́ла собира́ете аль мини́стра како́го.   [М.М. Бахтин. Беседы с М. Бахтиным (1973) // В.Д.Дувакин. Беседы с Михаилом Михайловичем Бахтиным. М., 2002, 1996] [омонимия не снята]",VERB,VERB
"Алекса́ндр Ива́ныч встрепену́лся, оживи́лся, обра́довался,", сло́вно ,"ему́ рассказа́ли о како́м-то фантасти́ческом чу́де, ",1968,"кино, нехудожественная","кино детское, киносказка, экранизация","Узна́в об э́том, Алекса́ндр Ива́ныч встрепену́лся, оживи́лся, обра́довался, сло́вно ему́ рассказа́ли о како́м-то фантасти́ческом чу́де, и поспеши́л по-мальчи́шески притаи́ться в куста́х, что́бы уви́деть свои́ми глаза́ми зверька́, соверша́ющего набе́ги на ре́пинский сто́л. [Валерий Фрид, Ганс-Христиан Андерсен, Надежда Кошеверова, Юлий Дунский. Старая, старая сказка, к/ф (1968)] [омонимия не снята]",VERB,UNKN
"Разгово́р бы́л са́мый зауря́дный,", сло́вно ,"встре́тились случа́йные знако́мые, не обременённые па́мятью ",1968,"кино, нехудожественная","кино детское, киносказка, экранизация","Разгово́р бы́л са́мый зауря́дный, сло́вно встре́тились случа́йные знако́мые, не обременённые па́мятью о былы́х отноше́ниях. [Валерий Фрид, Ганс-Христиан Андерсен, Надежда Кошеверова, Юлий Дунский. Старая, старая сказка, к/ф (1968)] [омонимия не снята]",ADJF,VERB
"что́ его́ невозмо́жно бы́ло узна́ть,", сло́вно ,его́ подмени́ли.,1968,"кино, нехудожественная","кино детское, киносказка, экранизация","В три́дцать седьмо́м году́ Купри́н возврати́лся на ро́дину тако́й измождённый и хи́лый, что́ его́ невозмо́жно бы́ло узна́ть, сло́вно его́ подмени́ли. [Валерий Фрид, Ганс-Христиан Андерсен, Надежда Кошеверова, Юлий Дунский. Старая, старая сказка, к/ф (1968)] [омонимия не снята]",INFN,UNKN
"уж така́я-то она́ ре́звая, краси́вая,", сло́вно ,"се́рна, — ну́, про́сто, по его́ слова́м, ",1953,"нехудожественная, художественное чтение",повесть,"Зашёл разгово́р о лошадя́х, и Печо́рин на́чал расхва́ливать ло́шадь Ка́збича: уж така́я-то она́ ре́звая, краси́вая, сло́вно се́рна, — ну́, про́сто, по его́ слова́м, э́такой и в це́лом ми́ре не́т.   [М.Ю. Лермонтов. Бэла (исп. Б.Н. Ливанов) (1953) // «Старое радио» http://www.staroeradio.ru/audio/10187] [омонимия не снята]",GRND,ADJS
И облака́ / и во́лны /, сло́вно ,она́ ви́дела и́х впервы́е.,2007,"нехудожественная, устная публичная речь",семинар,И облака́ / и во́лны / сло́вно она́ ви́дела и́х впервы́е. [Семинар по роману И.С. Тургенева «Отцы и дети» (2007) // Из коллекции НКРЯ] [омонимия не снята],NOUN,UNKN
особенно вот после забитого гола, словно ,поймали кураж.,1970-1975,"авторское чтение, нехудожественная",статья,Не могут разбежаться пока армейцы / нет вот той привычной мобильности / нет скорости / и очень здорово действуют на подборе футболисты « Спортинга» / особенно вот после забитого гола словно поймали кураж. [К.И. Чуковский. Самуил Маршак (1970-1975) // ImWerden] [омонимия не снята],NOUN,VERB
Ну и ку́клы., Сло́вно ,живы́е.  ,2012,"нехудожественная, устная публичная речь",рассказ,"Ну и ку́клы. Сло́вно живы́е.   [След на песке (Касли, Челябинская область). Д/ф из цикла «Письма из провинции» (ТК «Культура») (2012) // Т/к «Культура». Д/ф из цикла «Письма из провинции»] [омонимия не снята]",ADJS,NOUN
"отры́вистому, нетерпели́вому, чёткому, беспоща́дно- вои́нственному,", сло́вно ,"о́н высту́кивал два́ сло́га: "" Ма́р- ша́к"".",1965-1969-2016,"нехудожественная, художественное чтение",рассказ,"В конце́ двадца́тых годо́в молодо́й Самуи́л Марша́к приходи́л ко мне́ и стуча́л в мою́ две́рь, я́ всегда́ узнава́л его́ по э́тому сту́ку, отры́вистому, нетерпели́вому, чёткому, беспоща́дно- вои́нственному, сло́вно о́н высту́кивал два́ сло́га: "" Ма́р- ша́к"". [Ю.В. Трифонов. Игры в сумерках (исп. А. Бухмин) (1965-1969-2016) // https://onclip.pro/vid/AO61FGExgCE] [омонимия не снята]",ADJF,UNKN
познако́мился с ни́м: меня́ сра́зу, сло́вно ,магни́том притяну́ла к нему́ его́ стра́стная ,1965-1969-2016,"нехудожественная, художественное чтение",рассказ,"И ещё одно́ драгоце́нное ка́чество порази́ло меня́ в Маршаке́, едва́ то́ко я́ познако́мился с ни́м: меня́ сра́зу сло́вно магни́том притяну́ла к нему́ его́ стра́стная увлечённость, я́ бы да́же сказа́л, одержи́мость вели́кой наро́дной поэ́зией― ру́сской, неме́цкой, ирла́ндской, шотла́ндской, англи́йской. [Ю.В. Трифонов. Игры в сумерках (исп. А. Бухмин) (1965-1969-2016) // https://onclip.pro/vid/AO61FGExgCE] [омонимия не снята]",NOUN,NOUN
"звуча́ли для ру́сского у́ха та́к,", сло́вно ,"Бернс, или Пете́фи, или Оване́с Туманя́н ",1965-1969-2016,"нехудожественная, художественное чтение",рассказ,"За ши́ллинги, пе́нни загу́блена Дже́нни, Обве́нчана Дже́нни с глухи́м старико́м. Када́ я́ говорю́, что́ в лу́чших свои́х перево́дах о́н достига́ет того́, что́бы в ни́х не́ было ничего́ перево́дческого, что́бы они́ звуча́ли для ру́сского у́ха та́к, сло́вно Бернс, или Пете́фи, или Оване́с Туманя́н писа́ли свои́ стихотворе́ния по-ру́сски, у меня́ в па́мяти звуча́т таки́е стихи́: Ты́ сви́стни,― тебя́ не заста́влю я́ жда́ть, Ты́ сви́стни,― тебя́ [Ю.В. Трифонов. Игры в сумерках (исп. А. Бухмин) (1965-1969-2016) // https://onclip.pro/vid/AO61FGExgCE] [омонимия не снята]",NOUN,NOUN
